"Y1","Y2","Y3","Y4","Y5","Y6"
1,2,2,3,68,82
1,2,2,3,53,63
1,2,7,5,77,110
1,2,2,4,54,20
1,2,2,2,14,48
1,2,2,5,11,7
1,2,2,3,99,98
1,2,2,3,112,180
1,1,1,9,16,44
1,2,3,3,3,2
1,2,2,2,74,18
1,2,2,2,87,220
1,2,2,4,30,39
1,2,2,2,85,101
1,2,3,12,20,2
1,2,2,2,53,63
1,2,3,13,14,29
1,2,2,3,68,55
1,2,2,2,35,82
1,2,2,2,95,96
1,2,2,4,24,37
1,2,2,4,24,37
1,2,2,3,72,190
1,2,2,4,4,29
1,2,2,3,23,10
1,2,2,2,30,39
1,2,3,3,4,2
1,2,2,2,37,1
1,2,2,3,3,8
1,2,2,4,17,1
1,2,2,4,109,88
1,2,2,2,42,36
1,2,2,3,7,3
1,2,2,2,58,141
1,2,2,4,3,1
1,2,2,5,11,7
1,2,2,5,11,38
1,2,2,2,14,163
1,2,2,5,11,7
1,2,2,4,4,2
1,2,2,4,37,1
1,2,2,3,3,8
1,2,2,5,2,97
1,2,2,12,39,159
1,2,2,2,51,38
1,2,2,3,53,63
1,2,2,3,3,1
1,2,2,3,108,192
1,2,2,2,75,210
1,2,2,4,44,175
1,2,2,4,37,1
1,2,2,2,90,50
1,2,2,5,49,26
1,2,2,4,58,17
1,2,2,4,14,29
1,2,2,5,2,13
1,2,2,3,29,121
1,2,2,3,65,145
1,2,2,5,2,25
1,2,2,2,96,208
1,2,2,12,42,36
1,2,2,5,2,40
1,2,3,13,9,38
1,2,2,5,72,105
1,2,2,5,2,40
1,2,2,5,11,7
1,2,2,5,71,196
1,2,6,7,98,79
1,2,2,5,2,13
1,2,2,5,2,97
1,2,2,3,105,173
1,2,2,5,2,16
1,2,2,5,14,16
1,2,2,5,11,7
1,2,2,7,31,32
1,2,2,2,91,55
1,2,2,2,84,140
1,2,2,4,43,15
1,2,2,5,67,6
1,2,2,2,21,124
1,2,3,3,3,20
1,2,2,2,29,132
1,2,2,3,23,10
1,2,2,2,37,167
1,2,2,2,42,36
1,2,2,2,21,146
1,2,2,5,24,13
1,2,2,5,2,13
1,2,2,2,11,32
1,2,2,2,103,111
1,2,2,5,2,40
1,2,2,4,24,37
1,2,2,3,7,3
1,2,2,2,60,70
1,2,2,3,87,71
1,2,2,3,23,10
1,2,2,5,29,72
1,2,2,4,45,29
1,2,2,4,4,24
1,2,2,2,21,98
1,1,1,11,33,60
1,2,2,5,2,26
1,2,2,3,60,16
1,2,2,2,11,32
1,2,2,12,39,126
1,2,2,5,106,136
1,2,3,13,9,6
1,2,2,5,2,40
1,2,2,4,43,15
1,2,2,3,31,81
1,2,6,7,98,79
1,1,1,6,17,43
1,2,2,2,21,164
1,2,2,5,2,25
1,2,2,5,2,25
1,2,2,3,7,3
1,2,2,2,71,86
1,2,2,3,93,173
1,2,2,2,93,218
1,2,2,12,39,98
1,2,2,4,54,29
1,2,2,3,29,198
1,2,2,2,103,215
1,2,2,2,33,55
1,2,2,4,4,24
1,2,2,2,44,35
1,2,2,3,72,190
1,2,2,3,3,8
1,2,2,3,7,3
1,2,2,3,20,10
1,2,2,5,24,97
1,2,2,3,4,2
1,2,2,2,30,39
1,2,2,4,4,29
1,2,2,3,37,16
1,2,2,3,65,145
1,2,2,2,97,69
1,2,2,3,30,39
1,2,2,4,4,2
1,2,3,3,4,2
1,2,2,5,2,25
1,1,11,1,8,14
1,2,2,5,67,26
1,2,2,5,2,13
1,2,2,2,107,149
1,2,2,13,96,13
1,2,2,2,107,221
1,2,2,5,11,7
2,4,9,15,113,188
1,1,3,13,9,6
1,2,2,2,84,140
1,2,2,3,29,93
1,2,2,2,86,114
1,2,2,4,45,84
1,2,2,2,51,216
1,2,2,5,100,199
1,2,2,2,25,133
1,2,2,4,68,93
1,2,3,3,14,20
1,2,2,3,60,135
1,2,2,3,60,174
1,2,2,5,101,100
1,2,2,5,2,25
1,2,2,2,25,77
1,1,1,1,77,52
1,2,2,5,49,26
1,2,2,2,29,121
1,2,2,3,51,107
1,2,6,7,98,79
1,2,2,3,23,10
1,2,2,3,23,10
1,2,2,3,100,84
1,2,3,3,3,20
1,1,11,1,8,14
1,2,3,13,74,18
1,1,1,7,15,23
1,2,2,3,3,1
1,2,2,2,86,70
1,2,2,2,85,101
1,2,2,4,44,20
1,2,2,3,72,1
1,2,2,2,45,70
1,2,2,5,11,7
1,1,3,13,9,6
1,2,2,3,51,38
1,2,2,5,2,97
1,1,1,7,15,23
1,2,2,3,51,107
1,2,2,3,3,8
1,2,2,4,4,24
1,2,2,4,53,63
1,2,2,3,105,185
1,2,2,4,67,32
1,2,2,3,24,149
1,2,2,2,103,111
1,2,2,5,2,13
1,2,2,3,7,3
1,2,2,4,45,29
1,2,2,4,8,1
1,2,2,3,3,8
1,2,2,2,21,170
1,2,2,3,97,201
1,2,2,2,25,77
1,2,2,3,68,93
1,2,2,3,68,93
1,2,2,4,44,35
1,2,2,3,91,71
1,2,2,5,11,7
1,2,2,4,35,148
1,2,2,2,75,142
1,2,2,3,95,116
1,2,2,4,53,63
1,2,2,3,51,38
1,2,2,4,58,17
1,2,2,2,30,141
1,1,1,9,16,65
1,2,2,3,3,8
1,2,2,5,11,7
1,2,2,3,7,3
1,2,2,3,4,106
1,2,2,4,75,186
1,2,2,4,58,17
1,2,2,4,24,37
1,1,3,13,9,6
1,2,2,3,72,1
1,2,2,2,100,212
1,2,2,3,23,10
1,2,2,3,110,183
1,2,2,2,14,48
1,2,2,5,11,7
1,2,2,4,35,78
1,2,2,3,43,106
1,1,1,10,55,125
1,2,2,2,42,201
1,2,2,5,49,26
1,2,2,5,49,26
1,2,2,4,44,35
1,2,2,2,87,71
1,2,2,3,20,10
1,2,2,3,23,10
1,2,2,5,2,97
1,2,2,12,20,58
1,2,2,3,39,166
1,2,2,2,3,8
1,2,2,5,67,32
1,1,1,10,52,118
1,2,2,3,7,16
1,2,2,6,27,114
1,2,2,3,3,86
1,2,2,2,85,101
1,2,2,5,24,206
1,2,2,3,7,3
1,2,2,4,50,17
1,2,2,3,60,174
1,1,1,7,36,22
1,2,2,2,21,32
1,1,1,11,59,168
1,2,2,2,21,124
1,2,2,3,7,3
1,2,2,5,107,132
1,2,2,6,27,114
1,2,2,3,4,2
1,2,2,4,25,77
1,2,2,3,7,3
1,2,2,4,45,84
1,2,2,4,24,37
1,2,2,5,23,13
1,2,2,12,74,18
1,1,1,12,27,137
1,2,2,2,75,225
1,2,3,11,66,55
1,2,2,3,20,10
1,2,2,2,30,39
1,2,2,3,20,151
1,2,2,2,14,101
1,2,2,2,14,48
1,2,2,4,72,37
1,2,2,12,20,58
1,2,2,4,35,78
1,2,2,4,14,105
1,2,2,5,11,7
1,2,2,3,7,158
1,2,2,3,108,192
1,2,2,2,58,159
1,2,2,3,3,8
1,2,2,3,66,139
1,2,2,3,4,2
1,2,2,5,4,2
1,1,3,13,9,79
1,2,2,2,21,124
1,2,2,2,87,71
1,2,2,2,37,167
1,2,2,4,3,1
1,2,2,4,65,50
1,2,2,2,24,176
1,2,2,4,50,17
1,2,2,3,3,8
1,2,2,4,4,2
1,2,2,3,3,8
1,2,2,3,65,50
1,2,2,3,65,50
1,2,2,2,109,165
1,2,3,13,9,6
1,2,2,2,91,194
1,1,2,11,74,162
1,2,2,4,65,50
1,2,2,4,45,165
1,2,2,5,11,7
1,2,2,2,100,199
1,2,2,2,42,36
1,2,2,5,2,26
1,2,2,4,25,17
1,2,10,5,2,25
1,2,2,5,2,13
1,2,2,5,24,176
1,2,2,12,99,96
1,2,2,3,7,3
1,2,2,2,42,172
1,1,1,11,38,96
1,2,3,3,4,2
1,2,3,3,4,2
1,2,2,3,23,10
1,2,2,2,84,13
1,2,2,2,21,146
1,2,2,4,67,32
1,2,2,4,90,32
1,2,2,4,58,29
1,2,2,2,93,173
1,2,2,3,20,10
1,2,2,12,20,131
1,2,2,3,54,135
1,2,2,4,90,101
1,2,2,3,7,3
1,2,2,4,3,1
1,2,2,4,54,20
1,2,2,3,3,8
1,2,2,4,9,6
1,2,2,3,7,3
1,2,2,3,20,151
1,2,2,3,25,77
1,2,2,5,23,105
1,2,2,2,43,106
1,2,2,12,20,58
1,1,1,11,28,24
1,2,2,4,14,15
1,2,3,13,74,18
1,2,2,2,75,206
1,1,1,11,70,27
1,2,2,3,23,10
1,2,2,2,96,81
1,2,2,5,49,187
1,2,2,2,53,134
1,2,2,4,4,2
1,2,2,4,30,1
1,2,2,2,30,39
1,2,2,2,42,149
1,2,2,3,23,3
1,2,2,3,23,10
1,2,2,2,14,48
1,2,2,2,86,211
1,2,2,2,94,205
1,2,2,5,2,16
1,2,2,5,11,93
1,2,2,2,14,48
1,2,2,2,91,217
1,2,2,2,43,158
1,2,2,2,43,69
1,2,2,3,39,15
1,2,2,4,4,2
1,2,2,5,2,180
1,1,3,13,9,6
1,2,2,5,2,40
1,2,2,11,66,139
1,2,2,12,97,151
1,2,2,5,29,72
1,2,2,5,2,40
1,2,2,4,35,78
1,2,2,5,25,100
1,2,10,5,2,25
1,2,2,4,54,1
1,2,2,2,29,198
1,1,1,11,33,131
1,2,2,3,72,3
1,2,2,2,29,132
1,2,2,2,97,202
1,2,2,3,99,96
1,2,2,2,43,15
1,2,2,5,2,25
1,2,2,2,14,48
1,2,2,3,7,1
1,1,1,11,33,177
1,1,1,8,95,74
1,2,2,2,86,70
1,2,2,2,91,55
1,2,2,3,4,15
1,2,2,5,2,16
1,2,2,4,50,78
1,2,2,12,39,166
1,1,1,11,28,27
1,2,2,4,37,1
1,1,3,13,9,6
1,2,2,4,45,165
1,2,2,2,54,179
1,2,2,2,58,141
1,2,2,5,67,26
1,1,1,5,49,24
1,2,2,5,2,16
1,2,2,2,30,13
1,1,1,6,79,86
1,2,2,5,29,72
1,2,2,3,84,107
1,1,1,7,12,21
1,2,2,2,25,223
1,2,2,3,23,10
1,2,2,2,86,70
1,2,2,4,109,18
1,2,2,4,91,1
1,2,3,3,14,20
1,2,2,2,105,185
1,2,2,2,42,36
1,2,2,3,65,145
1,2,2,3,39,58
1,1,1,6,61,68
1,2,2,5,49,136
1,2,2,2,37,1
1,2,2,2,37,1
1,2,2,4,45,84
1,2,2,3,3,8
1,2,2,2,110,183
1,2,2,4,44,35
1,2,2,3,7,3
1,2,2,2,44,179
1,2,2,3,31,81
1,2,2,4,51,146
1,2,2,3,20,158
1,2,2,4,30,1
1,2,2,2,29,121
1,2,2,5,9,72
1,2,2,2,43,69
1,2,2,2,53,134
1,2,2,2,53,134
1,2,2,2,75,111
1,2,2,3,3,8
1,2,2,2,75,207
1,2,2,3,74,26
1,2,2,3,7,3
1,2,2,2,21,142
1,2,2,5,11,7
1,2,2,2,60,135
1,2,2,2,37,1
1,2,2,3,35,15
1,2,2,2,45,164
1,2,2,2,53,133
1,2,2,2,94,121
1,2,2,4,4,2
1,2,2,3,95,116
1,2,2,5,2,13
1,2,2,2,21,170
1,2,2,4,44,35
1,1,1,5,33,13
1,2,2,2,25,77
1,2,2,5,50,116
1,2,2,2,50,116
1,2,2,11,14,139
1,2,2,3,7,3
1,2,3,3,7,3
1,2,2,2,42,172
1,1,4,9,3,18
1,2,2,11,33,60
1,1,1,6,17,156
1,2,2,2,86,70
1,2,2,2,85,141
1,2,2,3,60,15
1,2,2,4,50,17
1,2,2,3,24,37
1,2,2,2,51,38
1,2,2,3,106,136
1,2,2,12,39,159
1,2,2,2,43,106
1,2,2,4,50,17
1,2,2,2,25,69
1,2,2,2,106,136
1,2,2,2,94,172
1,2,2,2,42,36
1,2,2,2,25,69
1,2,2,4,50,17
1,2,2,2,84,149
1,1,1,1,1,5
1,2,2,2,14,163
1,2,2,3,60,135
1,2,2,5,2,16
1,2,2,11,70,143
1,1,1,1,5,52
1,2,2,2,85,186
1,2,2,3,60,174
1,2,2,5,11,7
1,2,2,4,45,84
1,2,2,3,65,145
1,2,2,5,49,187
1,1,3,13,18,6
1,2,2,2,112,222
1,2,2,12,93,142
1,2,2,3,4,2
1,2,2,4,14,48
1,2,2,5,11,7
1,2,2,2,37,1
1,2,2,2,30,164
1,2,2,4,44,35
1,2,2,3,39,107
1,2,2,12,39,98
1,2,2,4,35,78
1,2,2,4,24,37
1,2,2,7,4,126
1,2,3,3,4,2
1,2,2,3,87,71
1,2,2,3,49,39
1,2,2,2,25,69
1,2,2,2,68,126
2,4,9,15,113,188
1,2,2,4,2,84
1,2,2,3,44,35
1,2,2,2,94,163
1,2,2,3,3,8
1,2,2,4,3,1
1,2,2,4,67,32
1,2,2,5,101,100
1,2,2,2,98,200
1,2,2,3,87,71
1,1,1,6,46,146
1,2,2,3,108,133
1,2,2,4,24,63
1,2,3,13,9,38
1,2,2,3,35,15
1,2,2,2,97,202
1,2,2,2,3,114
1,2,2,2,14,82
1,2,2,2,90,50
1,2,2,2,25,77
1,2,2,5,2,25
1,2,2,4,35,78
1,2,2,12,58,17
1,2,2,2,68,55
1,2,2,3,84,8
1,1,1,9,16,65
1,2,2,2,30,8
1,2,2,2,25,133
1,2,2,12,20,58
1,2,2,3,35,15
1,2,2,2,93,142
1,2,2,3,72,126
1,2,2,5,2,40
1,2,2,4,37,167
1,2,2,7,67,107
1,2,2,12,42,36
1,2,2,2,21,134
1,2,2,5,2,16
1,2,2,5,11,7
1,2,2,3,99,105
1,2,2,5,2,16
1,2,2,3,3,8
1,2,2,5,51,38
1,2,7,5,77,110
1,2,2,5,77,105
1,2,2,5,90,16
1,2,2,3,35,15
1,2,2,2,95,219
1,2,2,2,96,81
1,2,2,12,39,166
1,2,2,4,54,20
1,2,2,3,7,3
1,2,2,2,90,50
1,2,2,12,11,7
1,2,2,3,30,39
1,2,2,4,54,20
1,2,3,3,4,2
1,2,2,5,29,132
1,2,2,4,3,1
1,2,2,12,20,58
1,2,2,2,50,176
1,2,2,13,96,115
1,2,3,13,14,29
1,2,2,2,103,111
1,2,2,5,33,60
1,2,2,2,21,124
1,2,2,2,94,205
1,2,2,12,99,96
1,2,2,4,58,17
1,2,2,4,54,20
1,1,1,1,5,90
1,1,1,7,15,27
1,1,1,6,17,213
1,1,1,1,5,59
1,1,1,6,8,103
1,1,1,8,78,195
1,1,1,8,36,22
1,1,1,9,6,14
1,1,1,9,56,154
1,1,1,8,64,147
1,1,1,1,10,99
1,1,1,6,17,43
1,1,5,9,78,34
1,1,1,1,5,9
1,1,1,1,1,4
1,1,1,10,40,130
1,1,1,1,9,99
1,1,1,6,79,103
1,1,1,1,1,4
1,1,1,10,47,120
1,1,1,11,66,104
1,1,1,7,83,99
1,1,1,8,34,41
1,1,1,1,8,14
1,1,1,11,33,131
1,1,1,7,18,33
1,1,1,8,78,34
1,1,1,8,34,41
1,1,1,1,8,14
1,3,4,14,3,18
1,1,1,1,6,28
1,2,2,5,1,5
1,1,1,11,59,168
1,1,1,9,12,59
1,1,1,8,73,95
1,1,1,6,48,68
1,1,1,7,12,21
1,1,1,6,8,30
1,1,1,7,31,152
1,1,1,1,10,5
1,1,1,9,88,83
1,1,1,8,70,118
1,1,1,7,31,122
1,2,2,3,7,81
1,1,1,6,52,76
1,1,1,1,1,5
1,1,1,7,15,23
1,1,1,9,88,68
1,1,1,1,6,52
1,1,1,6,71,68
1,1,1,10,81,144
1,1,1,10,32,53
1,1,1,10,62,115
1,1,1,1,40,51
1,3,4,14,3,18
1,3,4,14,3,18
1,1,1,6,8,30
1,1,1,9,41,66
1,1,1,8,79,117
1,1,1,1,6,28
1,1,1,9,38,119
1,1,1,1,5,23
1,1,1,1,13,46
1,1,1,1,33,62
1,1,1,8,63,117
1,1,1,9,27,64
1,1,1,7,27,83
1,1,1,1,69,89
1,1,1,10,26,31
1,1,1,11,33,131
1,1,1,8,63,45
1,1,1,6,82,191
1,1,1,7,12,57
1,1,1,1,17,60
1,1,1,1,19,51
1,1,1,1,6,12
1,1,1,1,6,14
1,1,1,8,89,160
1,1,1,11,92,85
1,1,1,1,1,4
1,1,1,1,13,19
1,1,3,13,18,33
1,1,1,1,6,12
1,1,1,10,52,157
1,1,1,1,5,9
1,1,1,1,1,4
1,1,1,10,88,108
1,1,1,10,55,62
1,1,1,1,1,157
1,1,1,1,1,108
1,1,1,1,69,89
1,2,2,3,59,58
1,1,1,1,10,11
1,1,1,1,10,49
1,1,1,9,104,128
1,1,1,6,48,68
1,1,1,1,19,51
1,1,1,1,6,30
1,1,1,7,18,108
1,1,1,1,56,51
1,1,1,1,40,54
1,1,1,7,6,12
1,1,1,1,5,83
1,1,1,8,48,113
1,1,1,1,102,54
1,1,1,8,104,128
1,1,1,8,34,74
1,1,1,6,83,150
1,1,1,8,34,74
1,1,1,1,1,80
1,1,1,10,62,49
1,1,1,1,1,5
1,1,1,6,8,91
1,1,1,12,52,115
1,1,1,7,18,74
1,1,1,10,47,120
1,1,1,1,17,43
1,1,3,13,9,6
1,1,3,13,38,6
1,1,1,9,16,75
1,1,1,1,19,65
1,1,1,1,48,59
1,1,1,10,26,31
1,1,1,7,59,35
1,1,1,8,31,169
1,1,1,10,32,94
1,1,1,1,32,102
1,1,1,6,66,184
1,1,1,6,15,123
1,1,1,1,1,11
1,1,1,1,12,88
1,1,1,1,13,19
1,1,1,1,10,109
1,1,1,10,46,182
1,1,1,9,41,119
1,2,3,7,68,55
1,1,3,13,9,6
1,1,1,1,36,22
1,1,1,1,1,5
1,1,1,6,102,203
1,1,1,6,83,91
1,1,1,10,47,130
1,1,1,1,38,123
1,1,3,1,9,6
1,1,1,10,62,24
1,1,1,6,8,30
1,1,1,7,48,138
1,1,1,7,82,193
1,1,1,11,52,227
1,1,1,7,12,21
1,1,1,8,6,12
1,1,1,7,31,152
1,1,1,10,55,125
1,1,1,8,22,62
1,1,1,9,12,30
1,1,1,8,61,92
1,1,1,11,28,181
1,1,1,1,6,12
1,1,1,8,41,140
1,1,1,9,16,75
1,1,1,8,76,45
1,1,1,6,71,196
1,1,1,8,18,117
1,1,1,8,63,74
1,1,1,10,81,87
1,1,1,1,13,56
1,1,1,1,5,9
1,1,1,9,16,162
1,1,1,1,83,67
1,1,1,6,8,30
1,1,1,9,102,5
1,1,1,9,63,155
1,1,1,9,12,46
1,1,1,6,83,150
1,1,1,6,57,59
1,1,1,9,27,64
1,1,1,1,5,9
1,1,1,9,104,128
1,1,1,1,1,14
1,1,1,10,66,156
1,1,1,11,27,137
1,1,1,7,15,23
1,1,1,10,81,87
1,1,1,1,36,22
1,1,1,6,36,22
1,1,1,11,70,169
1,1,1,11,10,11
1,1,1,6,46,73
1,1,1,10,13,56
1,1,1,6,47,86
1,1,1,10,17,129
1,1,1,7,27,109
1,1,1,8,19,2
1,1,1,7,36,22
1,1,1,6,10,49
1,1,3,13,9,6
1,1,1,1,6,28
1,1,1,9,56,42
1,1,1,9,27,64
1,1,1,6,41,118
1,1,1,7,15,90
1,1,1,1,1,4
1,1,1,10,26,28
1,1,1,1,40,54
1,1,1,7,18,33
1,1,1,1,46,99
1,1,1,7,1,61
1,1,1,8,27,137
1,1,1,11,92,6
1,1,1,1,59,21
1,1,1,1,1,5
1,1,1,10,38,103
1,1,1,1,5,52
1,1,1,6,80,102
1,1,1,6,57,41
1,1,1,9,16,56
1,1,1,6,47,86
1,1,1,1,1,5
1,1,1,6,15,123
1,1,1,1,22,85
1,1,1,1,5,83
1,1,1,9,16,44
1,1,1,10,62,80
1,1,1,8,64,147
1,1,1,1,13,56
1,1,1,1,1,4
1,1,1,9,76,171
1,1,1,9,56,112
1,1,1,11,28,27
1,1,1,9,3,42
1,1,1,10,62,76
1,1,1,6,8,30
1,1,1,7,76,21
1,1,1,1,6,14
1,1,1,1,6,88
1,1,3,1,13,19
1,1,1,1,1,4
1,1,1,8,8,91
1,1,1,10,26,31
1,1,1,8,76,45
1,1,1,9,12,59
1,1,1,1,80,102
1,1,1,10,32,95
1,1,1,8,64,147
1,1,1,6,46,73
1,1,1,7,89,177
1,1,1,1,13,56
1,2,8,7,15,23
1,1,1,6,83,67
1,1,1,8,115,122
1,1,1,7,62,24
1,1,1,9,114,226
1,1,1,6,9,143
1,1,1,6,8,73
1,1,1,9,41,119
1,1,1,9,16,44
1,1,1,1,13,56
1,1,1,1,13,56
1,1,1,6,50,184
1,1,1,8,79,117
1,1,1,1,22,12
1,1,1,10,55,125
1,1,1,1,1,11
1,1,1,1,1,11
1,1,1,7,12,57
1,1,1,1,13,19
1,1,1,7,12,57
1,1,1,6,17,43
1,1,1,1,61,92
1,1,1,7,12,57
1,2,2,7,18,81
1,2,2,1,43,106
1,1,1,7,22,127
1,1,1,8,73,46
1,1,1,7,15,5
1,1,3,13,9,6
1,1,1,1,1,41
1,1,1,6,40,61
1,1,1,10,10,53
1,1,1,8,31,169
1,1,1,7,15,61
1,1,1,6,15,140
1,1,1,11,28,27
1,1,1,1,22,85
1,1,1,8,19,197
1,2,2,2,35,82
1,1,1,7,76,171
1,1,1,10,13,182
1,1,1,6,71,42
1,1,1,1,6,12
1,1,1,1,32,19
1,1,1,1,34,148
1,1,1,6,46,73
1,2,2,5,2,13
1,1,1,10,26,31
1,1,1,1,69,89
1,1,1,9,27,64
1,1,1,9,80,209
1,1,1,8,13,137
1,1,1,1,5,9
1,1,1,1,40,54
1,1,1,1,10,11
1,1,1,11,28,27
1,1,1,9,76,171
1,1,1,10,110,57
1,1,1,10,52,115
1,1,1,7,89,61
1,1,1,7,71,28
1,1,3,7,55,200
1,1,1,9,81,44
1,1,1,10,38,94
1,1,1,8,34,45
1,1,1,9,16,75
1,1,1,1,1,11
1,1,1,7,32,53
1,1,1,1,5,9
1,1,1,7,12,21
1,1,1,8,8,91
1,1,1,8,19,62
1,1,1,1,5,9
1,2,2,3,7,3
1,1,1,1,56,45
1,1,1,9,28,27
1,1,1,6,57,175
1,1,1,6,56,75
1,1,1,11,74,139
1,1,1,11,28,27
1,1,1,6,22,42
1,1,1,10,32,94
1,1,1,6,46,138
1,1,1,1,10,85
1,1,1,9,88,5
1,1,1,7,111,204
1,1,1,6,32,53
1,1,1,11,33,177
1,1,1,8,48,189
1,1,1,1,5,9
1,1,1,9,31,155
1,1,1,10,69,89
1,1,1,1,1,4
1,1,1,1,13,67
1,1,1,7,36,22
1,1,1,1,32,19
1,1,1,10,38,80
1,1,1,10,26,31
1,1,1,9,16,51
1,1,1,1,41,66
1,1,1,1,1,11
1,1,1,10,71,94
1,1,1,1,10,11
1,1,1,8,61,92
1,1,1,8,61,92
1,1,1,10,26,31
1,1,3,13,9,6
1,1,1,6,8,47
1,1,1,7,47,120
1,1,3,8,34,41
1,1,1,6,56,154
1,1,1,1,1,4
1,1,1,11,92,178
1,1,1,8,92,104
1,1,1,1,1,4
1,3,4,14,3,18
1,1,1,1,10,53
1,1,1,8,19,65
1,1,1,7,101,100
1,1,1,10,36,22
1,1,1,6,8,80
1,2,2,12,39,98
1,1,1,1,10,11
1,1,1,10,80,102
1,1,1,9,12,178
1,2,8,7,15,23
1,1,1,1,5,90
1,1,1,6,9,143
1,1,1,1,1,11
1,1,1,10,32,53
1,1,1,9,92,178
1,1,1,6,22,47
1,1,1,6,17,43
1,1,1,1,12,14
1,1,1,1,6,155
1,1,1,7,31,36
1,1,1,7,89,160
1,1,1,1,6,12
1,1,1,1,6,12
1,1,1,1,10,67
1,1,1,8,48,189
1,1,1,6,22,224
1,1,1,9,12,14
1,1,1,9,64,59
1,1,1,9,16,5
1,1,1,1,8,144
1,1,1,9,70,66
1,1,1,1,40,67
1,1,1,9,59,21
1,1,1,8,73,112
1,1,1,6,71,28
1,1,1,1,26,28
1,1,1,1,1,14
1,1,1,1,13,54
1,1,1,8,16,197
1,1,1,10,28,153
1,1,1,1,13,150
1,2,2,5,29,72
1,1,1,8,34,41
1,1,1,1,36,62
1,2,2,3,7,3
1,1,1,6,46,73
1,1,1,8,19,62
1,2,2,2,21,170
1,1,3,1,13,19
1,1,1,8,81,87
1,1,1,1,38,2
1,1,1,9,19,65
1,1,1,9,19,65
1,1,1,8,10,49
1,1,1,1,1,5
1,1,1,1,36,52
1,1,1,8,89,160
1,1,1,8,34,161
1,1,1,7,15,23
1,1,1,7,31,95
1,1,1,11,26,61
1,1,1,1,6,12
1,1,1,9,10,49
1,1,1,9,34,46
1,1,1,6,17,88
1,1,1,13,27,64
1,1,1,6,82,88
1,1,1,6,22,60
1,1,1,10,55,129
1,1,5,9,78,34
1,1,5,9,78,34
1,1,1,11,41,60
1,1,1,1,1,5
1,1,1,7,89,138
1,1,1,8,48,161
1,1,1,1,1,4
1,1,1,10,55,125
1,1,1,9,88,5
1,1,1,8,76,45
1,1,1,8,79,45
1,1,1,8,19,90
1,1,1,1,10,49
1,1,1,6,22,47
1,1,1,9,16,75
1,1,1,8,32,53
1,1,1,8,38,113
1,1,1,8,73,127
1,1,1,8,18,33
1,1,1,7,15,44
1,1,1,9,41,75
1,1,1,1,1,4
1,1,1,1,59,82
1,1,1,8,52,76
1,1,1,1,6,12
1,1,1,7,81,87
1,1,1,11,33,60
1,1,1,7,12,57
1,1,1,9,78,34
1,1,1,8,36,22
1,1,1,6,17,43
1,1,1,6,8,47
1,1,1,1,1,4
1,1,1,8,73,46
1,1,1,8,1,127
1,1,1,1,5,99
1,2,2,7,4,2
1,1,1,9,18,34
1,1,1,1,1,4
1,1,1,1,5,9
1,1,1,10,102,203
1,1,1,1,77,52
1,1,1,1,1,11
1,1,1,10,48,68
1,1,1,1,10,52
1,1,1,11,62,80
1,1,1,7,28,181
1,1,1,9,38,21
1,1,1,7,56,42
1,1,1,8,41,118
1,1,1,1,63,102
1,1,1,7,59,168
1,1,1,8,73,95
1,1,1,1,19,51
1,1,1,1,1,147
1,1,1,1,69,19
1,1,1,10,55,129
1,1,1,11,28,153
1,1,1,6,22,47
1,1,1,11,56,154
1,1,1,7,31,152
1,1,1,11,66,104
1,1,1,13,18,33
1,1,1,8,104,128
1,1,1,6,12,122
1,1,1,11,15,123
1,1,1,1,1,4
1,1,1,10,80,162
1,1,1,1,1,14
1,1,1,8,34,91
1,1,1,7,82,46
1,1,1,7,15,5
1,1,1,6,61,86
1,1,1,1,1,4
1,1,1,1,5,9
1,1,1,8,34,74
1,1,1,6,8,30
1,1,1,6,52,76
1,1,1,1,49,24
1,1,1,1,18,33
1,1,1,6,22,83
1,1,1,8,19,54
1,1,1,1,1,4
1,1,1,7,98,79
1,1,1,11,92,153
1,1,1,1,46,157
1,1,1,1,8,144
1,1,1,1,73,28
1,1,1,11,82,46
1,1,1,7,18,33
1,1,1,7,79,103
1,1,1,1,6,12
1,1,1,9,114,9
1,1,1,1,57,12
1,1,1,1,1,5
1,1,1,7,16,44
1,1,1,1,69,19
1,1,1,1,69,89
1,1,1,1,6,14
1,1,1,8,47,161
1,1,1,10,26,31
1,1,1,7,12,21
1,1,1,1,1,4
1,1,1,9,101,100
1,1,1,9,16,44
1,2,2,4,85,15
1,1,1,11,28,27
1,1,1,4,64,104
1,1,1,6,52,76
1,1,1,1,82,193
1,1,1,6,57,175
1,1,1,6,8,30
1,1,1,7,18,33
1,1,1,1,6,14
1,1,1,10,26,95
1,1,1,10,88,108
1,1,1,6,17,129
1,1,1,1,77,110
1,1,1,10,38,148
1,1,1,10,47,130
1,1,1,9,38,119
1,1,1,7,15,23
1,1,1,9,27,64
1,1,1,1,80,148
1,1,1,11,66,156
1,1,1,1,10,49
1,1,1,1,36,22
1,1,1,1,1,9
1,1,1,7,15,23
1,1,1,9,16,59
1,1,1,9,28,34
1,1,1,1,13,19
1,1,1,8,64,11
1,1,1,10,63,112
1,1,1,6,22,47
1,1,1,9,16,87
1,1,1,10,32,94
1,1,1,1,40,76
1,1,1,1,40,54
1,1,1,1,1,5
1,1,1,5,9,72
1,1,1,10,32,47
1,1,1,8,64,195
1,1,1,6,10,73
1,1,1,1,5,9
1,1,1,1,17,85
1,1,1,1,26,28
1,1,1,10,26,31
1,1,1,1,59,109
1,1,1,6,40,191
1,1,1,1,1,4
1,1,1,10,64,80
1,1,1,10,55,214
1,1,1,9,57,108
1,1,1,7,31,122
1,1,1,9,70,66
1,1,1,1,1,5
1,1,1,11,57,82
1,1,1,1,69,144
1,1,1,1,77,110
1,1,1,11,57,41
1,1,1,11,62,104
1,1,1,7,15,42
1,1,1,1,5,9
1,1,1,1,1,150
1,1,1,1,1,11
1,1,1,6,22,42
1,1,1,6,17,43
1,1,1,6,61,143
1,1,1,6,40,61
1,1,1,8,115,127
1,1,1,8,48,85
1,1,1,10,61,92
1,1,1,1,13,67
1,1,1,9,78,34
1,1,1,10,26,31
1,1,1,1,41,66
1,1,1,8,63,112
1,1,1,8,47,130
1,1,1,8,1,11
1,1,1,10,111,204
1,1,1,11,70,113
1,1,1,1,1,4
1,1,1,1,18,33
1,1,1,1,41,66
1,1,1,10,47,120
1,1,1,9,16,51
1,1,1,1,6,12
1,1,1,7,80,57
1,1,1,1,1,4
1,1,1,6,79,103
1,1,1,10,13,194
1,2,2,4,43,15
1,1,1,11,81,79
1,1,1,6,46,138
1,1,1,8,19,90
1,1,1,8,63,24
1,1,1,7,70,113
1,1,1,1,10,109
1,1,1,1,5,83
1,1,1,1,57,12
1,1,1,1,5,9
1,1,1,1,5,9
1,1,1,7,12,21
